week,cases,baseline_mean,baseline_std,z_score,alert
2023-12-25,389,,,,False
2024-01-01,2858,,,,False
2024-01-08,2471,,,,False
2024-01-15,2555,,,,False
2024-01-22,2550,2068.25,1131.7712887328428,0.42566020608225397,False
2024-01-29,2938,2608.5,170.72492495239234,1.930005241424959,False
2024-02-05,3338,2628.5,209.8896535483983,3.380347663666027,True
2024-02-12,3983,2845.25,375.42098591669946,3.030597762727229,True
2024-02-19,4753,3202.25,611.8977992007053,2.5343284483547337,True
2024-02-26,5339,3753.0,793.5888944115419,1.9985158703311277,False
2024-03-04,5323,4353.25,875.465733195766,1.1076961247358732,False
2024-03-11,5261,4849.5,638.7349476373853,0.6442421876587402,False
2024-03-18,5003,5169.0,279.3659487720961,-0.5942026962470688,False
2024-03-25,5246,5231.5,156.00320509528026,0.09294680831168824,False
2024-04-01,6456,5208.25,140.83412228575887,8.859713681235988,True
2024-04-08,6771,5491.5,653.782073783,1.957074155607217,False
2024-04-15,7204,5869.0,874.8824682969328,1.525919250157959,False
2024-04-22,6891,6419.25,840.1243459552084,0.561524019951627,False
2024-04-29,6889,6830.5,309.2749585724653,0.18915207448421026,False
2024-05-06,6158,6938.75,185.51976534410963,-4.208446461496073,False
2024-05-13,6445,6785.5,443.7495539903864,-0.7673247148939709,False
2024-05-20,6124,6595.75,359.40633921324604,-1.3125811888367869,False
2024-05-27,5934,6404.0,353.9406729947833,-1.327906160157319,False
2024-06-03,6000,6165.25,210.9429227698022,-0.7833872681300336,False
2024-06-10,6008,6125.75,226.93960283153183,-0.5188605185292912,False
2024-06-17,5696,6016.5,78.96623751114593,-4.0586966037828764,False
2024-06-24,4980,5909.5,146.14490525958615,-6.360125919880678,False
2024-07-01,5319,5671.0,483.0169079166208,-0.7287529571547894,False
2024-07-08,4369,5500.75,447.0789453031011,-2.531432114819722,False
2024-07-15,4300,5091.0,563.2092565527192,-1.4044513487607397,False
2024-07-22,3927,4742.0,491.2792824181916,-1.6589341931708972,False
2024-07-29,4118,4478.75,592.8588224302084,-0.6084922520360531,False
2024-08-05,4372,4178.5,198.29691542398444,0.9758094299463609,False
2024-08-12,5178,4179.25,199.2609260910599,5.012272198030351,True
2024-08-19,5272,4398.75,550.54964959272,1.5861421411238823,False
2024-08-26,5004,4735.0,576.505565165391,0.4666043421850192,False
2024-09-02,4970,4956.5,405.174448026197,0.03331898165287842,False
2024-09-09,4831,5106.0,143.34108506170446,-1.9185008951314966,False
2024-09-16,4414,5019.25,184.37168076108324,-3.2827709629892077,False
2024-09-23,3959,4804.75,271.0367441264501,-3.1204256187693202,False
2024-09-30,4204,4543.5,455.6932447747425,-0.7450187245321599,False
2024-10-07,3909,4352.0,369.5213119699593,-1.198848309014486,False
2024-10-14,4007,4121.5,233.75557034361037,-0.48982789942370164,False
2024-10-21,3662,4019.75,129.18559001168273,-2.7692717118654437,False
2024-10-28,3739,3945.5,225.32125214161798,-0.9164692546187853,False
2024-11-04,3547,3829.25,157.13343586476623,-1.7962440549121121,False
2024-11-11,3614,3738.75,195.462485744281,-0.6382298860314685,False
2024-11-18,3580,3640.5,80.84759324391337,-0.7483215958881344,False
2024-11-25,3808,3620.0,83.91662528962861,2.240318880211633,True
2024-12-02,3651,3637.25,117.07369473968066,0.11744739098372035,False
2024-12-09,3596,3663.25,100.76168253193569,-0.667416405821584,False
2024-12-16,3021,3658.75,104.0428597582102,-6.129685415050061,False
2024-12-23,2501,3519.0,343.93700973676357,-2.9598443063139346,False
